model_name,precision,recall,f1_score,roc_auc,true_positives,false_positives,true_negatives,false_negatives
Logistic Regression,0.22712933753943218,0.8372093023255814,0.3573200992555831,0.7881405526436314,72,245,669,14
Gradient Boosting,0.2215909090909091,0.45348837209302323,0.29770992366412213,0.7282072159177649,39,137,777,47
Random Forest,0.21839080459770116,0.4418604651162791,0.2923076923076923,0.7734339219378147,38,136,778,48
