model_name,precision,recall,f1_score,roc_auc,true_positives,false_positives,true_negatives,false_negatives
Logistic Regression,0.22712933753943218,0.8372093023255814,0.3573200992555831,0.7881405526436314,72,245,669,14
Gradient Boosting,0.2215909090909091,0.45348837209302323,0.29770992366412213,0.7282072159177649,39,137,777,47
Random Forest,0.23529411764705882,0.4186046511627907,0.301255230125523,0.7593761131749021,36,117,797,50
